"SPECIES","LONG_WGS84","LAT_WGS84","LONGITUDE","LATITUDE","ELEVATION","BIO01","BIO02","BIO03","BIO04","BIO05","BIO06","BIO07","BIO08","BIO09","BIO10","BIO11","BIO12","BIO13","BIO14","BIO15","BIO16","BIO17","BIO18","BIO19"
"Microtus californicus",-122.361633,38.250066,-122.361633,38.250066,38,1408,1403,57,39690,2742.800049,285.975006,2456.824951,880,1878,1894,880,64125,14019.77441,26.475,94,38438.92578,642.275024,1106,38439
"Microtus californicus",-121.086439,35.557241,-121.086439,35.557241,77,1325,1161,68,18652,2114.574951,408.525024,1706.049927,1076,1530,1561,1076,56857.82422,13609.59961,21.575001,100,35999.39844,395.850006,1444,35999
"Microtus californicus",-122.28,37.92,-122.28,37.92,188,1398,1033,49,36362,2534.975098,454.075012,2080.900146,903,1818,1838,903,59002.09766,12809.97461,23.049999,92,34041.32422,642.099976,1257,34041
"Microtus californicus",-122.16165,37.7424,-122.16165,37.7424,12,1388,873,54,26829,2187.100098,571.900024,1615.200073,1015,1675,1702,1015,48461.92578,9929.450195,57.074997,89,27634.07422,547.650024,1147,27634
"Microtus californicus",-118.12,36.55,-118.12,36.55,1578,1277,1457,42,68627,3216.5,-193,3409.5,424,1928,2187,424,19002.82422,4930.125,272.5,85,10625.65039,1499.225098,1613,10626
"Microtus californicus",-121.810728,39.228243,-121.810728,39.228243,271,1541,1499,44,61667,3554.024902,151.525009,3402.5,790,2365,2365,790,62524.125,12990.9502,18.1,89,35564.82422,879.375,879,35565
"Microtus californicus",-116.82944,34.17167,-116.82944,34.17167,1950,927,1659,51,56092,2733.774902,-489.975006,3223.75,311,1665,1688,273,69166,14087,395.325012,82,38422.25,3447.300049,4814,36980
"Microtus californicus",-122.212687,37.743969,-122.212687,37.743969,1,1399,836,54,25100,2144.5,605.075012,1539.425049,1047,1662,1691,1047,44152.57422,8997.924805,44.174999,89,25171.125,528.599976,1046,25171
"Microtus californicus",-121.79811,36.72202,-121.79811,36.72202,1,1286,1102,63,20179,2097.75,358.850006,1738.900024,1007,1493,1532,1007,36659.625,7990,55.700001,93,21235.44922,484.975006,953,21235
"Microtus californicus",-116.6,33.07,-116.6,33.07,1290,1356,1228,44,56800,2915.475098,140.725006,2774.75,745,2100,2139,685,84005.39844,15206.17578,695.674988,79,44841.60156,4301.100098,4897,42137
"Microtus longicaudus",-118.16195,36.198187,-118.16195,36.198187,2403,531,1529,46,58072,2355.649902,-926.275024,3281.924805,-157,1324,1324,-157,50036.625,11461.47461,307.199982,99,31648.39844,1258.024902,1258,31648
"Microtus longicaudus",-116.82944,34.17167,-116.82944,34.17167,1950,927,1659,51,56092,2733.774902,-489.975006,3223.75,311,1665,1688,273,69166,14087,395.325012,82,38422.25,3447.300049,4814,36980
"Microtus longicaudus",-106.79723,37.769988,-106.79723,37.769988,2633,289,2010,44,85510,2489.800049,-1990,4479.799805,1303,-690,1352,-869,39054.67578,6364.625,2022.074951,44,16329.7002,6260.774902,14891,6652
"Microtus longicaudus",-104.992225,38.815542,-104.992225,38.815542,3133,223,1301,41,68523,1929.550049,-1231.150024,3160.700195,1132,-463,1132,-605,61106.875,10771.65039,1335.050049,60,26515.92578,5379.75,26516,5538
"Microtus longicaudus",-117.3689,44.9822,-117.3689,44.9822,1204,677,1530,39,76295,2895.949951,-956.200012,3852.149902,-184,1632,1665,-315,79076.625,11895.72461,1565.175049,56,34075.10156,6029.725098,7359,33425
"Microtus longicaudus",-118.58694,41.66889,-118.58694,41.66889,1309,912,1719,41,80912,3261.399902,-867.099976,4128.5,-107,1922,1995,-107,18043.02539,2605.875,430.125,41,6977.850098,1960.449951,2458,6978
"Microtus longicaudus",-118.7,41.69,-118.7,41.69,2545,215,1089,33,72160,2094.949951,-1127.150024,3222.100098,-527,1167,1181,-655,58008.875,7454.299805,815.049988,52,22111.59961,3781.875,4789,21935
"Microtus longicaudus",-124.084529,40.785317,-124.084529,40.785317,2,1157,772,55,21695,1815.199951,430.850006,1384.349976,870,1413,1428,870,108522.625,19877.22461,371.524994,77,54513.22266,2963.925049,3361,54513
"Microtus longicaudus",-124.1433,41.0591,-124.1433,41.0591,47,1124,816,60,20392,1746.25,403.25,1343,906,1366,1379,854,134120.0781,24768.19922,395.950012,75,65986.14844,3901.149902,3982,65839
"Microtus longicaudus",-120.242976,41.460379,-120.242976,41.460379,2020,528,1336,37,73075,2562.875,-957.525024,3520.399902,-373,1474,1509,-373,67448.47656,8674.899414,983.900024,49,25408.80078,4322.200195,6067,25409
"Microtus longicaudus",-120.344282,41.436398,-120.344282,41.436398,1600,783,1511,41,72763,2908.925049,-761.325012,3670.25,-113,1736,1756,-113,43235.10156,5430.649902,872.724976,42,15098.6748,3884.574951,4896,15099
"Microtus longicaudus",-120.213168,41.385233,-120.213168,41.385233,2575,116,1325,40,66081,2044.400024,-1215.925049,3260.325195,-666,1005,1008,-666,105116.75,15675.8252,1147.025024,57,45381.07422,6066.350098,7648,45381
"Microtus longicaudus",-120.310479,39.44296,-120.310479,39.44296,2174,454,1519,45,61834,2365.350098,-957.224976,3322.575195,-240,1278,1278,-286,95996.29688,17803.19922,551.25,79,50243.14844,3215.824951,3216,49826
"Microtus longicaudus",-122.941394,41.260975,-122.941394,41.260975,1910,607,1024,36,62701,2259.274902,-534.825012,2794.099854,-134,1432,1472,-134,143729.7031,29179.39844,994.974976,79,76916.95313,5290.100098,6753,76917
"Microtus longicaudus",-122.905,41.2109,-122.905,41.2109,1984,564,976,36,60231,2164.149902,-508.450012,2672.599854,-140,1399,1399,-140,135353.7969,29555.52539,892.899963,80,69987,5092.100098,5092,69987
"Microtus longicaudus",-123.1575,41.02861,-123.1575,41.02861,1169,1084,1291,40,67365,2994.350098,-162.375,3156.725098,258,1965,1965,258,106050.2734,23139.40039,527.075012,81,55695.17578,3842.625,3843,55695
"Microtus longicaudus",-122.963164,41.152682,-122.963164,41.152682,2059,581,1090,37,62938,2236.375,-659.125,2895.5,-91,1409,1441,-156,179356.7031,47197.625,377.825012,94,105529.7969,6016.925293,6087,100046
"Microtus longicaudus",-122.382059,41.227557,-122.382059,41.227557,1719,812,1090,37,63482,2548.850098,-334.274994,2883.125,53,1647,1673,53,150295.8281,33278.44922,574.924988,84,82057.42188,4275.225098,5029,82057
"Microtus longicaudus",-118.250512,36.308941,-118.250512,36.308941,2954,273,1583,48,57207,2074,-1197.699951,3271.699951,-403,1056,1056,-403,53892.30078,12470.15039,292.25,100,34193.64844,1206.5,1207,34194
"Microtus longicaudus",-118.32024,36.81301,-118.32024,36.81301,2369,689,1452,43,65869,2520.350098,-827.950012,3348.300049,-119,1318,1574,-119,28709.67383,5351.049805,906.674988,67,14422.72461,2817.149902,3452,14423
"Microtus longicaudus",-118.289486,36.78326,-118.289486,36.78326,1834,1076,1404,42,67228,2892.824951,-429.799988,3322.625,259,1705,1980,259,23711.42383,4579.424805,729.174988,71,12404.32422,2329.524902,3006,12404
"Microtus longicaudus",-120.712438,39.257083,-120.712438,39.257083,1441,1114,1066,38,59577,2722.574951,-30.075001,2752.649902,465,1928,1928,439,160827.2188,30832.75,355.25,82,85883.85156,3427.549805,3428,84195
"Microtus longicaudus",-123.799569,39.306566,-123.799569,39.306566,22,1126,989,66,18920,1861,374.75,1486.25,875,1350,1362,875,100348.75,20179.375,191.300003,84,54644.54688,1984.400024,2198,54645
"Microtus longicaudus",-120.547124,39.310546,-120.547124,39.310546,1740,774,1404,44,59735,2590.550049,-558.275024,3148.825195,103,1572,1572,63,164422.5938,32789.92578,313.524994,81,86449.10156,3127.050049,3127,85689
"Microtus longicaudus",-120.547562,39.301873,-120.547562,39.301873,1796,789,1275,42,59747,2511.675049,-480.224976,2991.899902,128,1596,1596,94,165936.6406,32798.69922,261.125,81,88248.89844,3223.074951,3223,86274
"Microtus longicaudus",-117.81,46.1644,-117.81,46.1644,993,770,1147,35,69406,2654.425049,-590.474976,3244.899902,15,1658,1682,-114,100748.3047,14892.27539,1686.900024,54,43194.82813,7890.024902,8754,39244
"Microtus longicaudus",-123.799858,39.443515,-123.799858,39.443515,35,1129,968,67,18253,1843.550049,402,1441.550049,884,1341,1349,884,96214.10156,19361,187.625,84,52539.19922,1869.025024,2106,52539
"Microtus longicaudus",-118.2352,37.40611,-118.2352,37.40611,2072,765,1701,45,70117,2823.175049,-934.5,3757.675049,-10,1647,1720,-83,32104.34961,4702.200195,1175.474976,46,13063.75,3848.699951,4484,12156
"Microtus longicaudus",-118.17378,37.49611,-118.17378,37.49611,3164,59,1458,44,63277,1876.699951,-1432.050049,3308.75,-492,183,926,-680,36381.22656,5678.225098,1254.449951,43,13913.3252,4427.599609,8697,10814
"Microtus longicaudus",-118.172242,37.513082,-118.172242,37.513082,3150,96,1441,44,62664,1884.425049,-1373.400024,3257.825195,-453,216,955,-633,35920.60156,5532.75,1255.450073,43,13651.5498,4347.825195,8691,10800
"Microtus longicaudus",-118.156953,37.532774,-118.156953,37.532774,2983,273,1468,43,64865,2116.324951,-1229.75,3346.074951,-297,402,1156,-487,33792.92578,5215.25,1252.675049,42,12730.05078,4262.700195,7927,10249
"Microtus longicaudus",-118.22224,37.59175,-118.22224,37.59175,3647,-156,1050,37,61675,1426.550049,-1396.599976,2823.149902,-721,6,686,-847,41445.94922,5711.625,1357.150024,37,14914.875,6193.625,7135,14022
"Microtus longicaudus",-118.099737,37.432159,-118.099737,37.432159,2601,565,1467,42,66963,2430.049805,-989.275024,3419.324707,-174,669,1478,-234,32938.47656,4678.899902,1156.574951,37,12047.125,4546.475098,7134,10620
"Microtus longicaudus",-122.1056,42.9439,-122.1056,42.9439,1881,409,1338,44,55980,2209.5,-818.875,3028.375,-139,1180,1180,-255,119632.1016,19664.34961,879.474976,66,54515.67188,6335.75,6336,54263
"Microtus longicaudus",-121.7333,46.9669,-121.7333,46.9669,1264,464,907,34,59580,2020.650024,-627.400024,2648.050049,-165,1229,1253,-274,178023.6719,28687.05078,3355.650146,54,78601.79688,15891.8252,16299,72926
"Microtus longicaudus",-124.2533,48.2656,-124.2533,48.2656,5,854,836,48,33486,1798.525024,68.099998,1730.425049,498,1273,1273,422,197481.75,33831.44922,2974.774902,69,98142.20313,10938.57422,10939,90501
"Microtus longicaudus",-121.9694,42.6936,-121.9694,42.6936,1280,638,1676,46,64452,2762.300049,-875.349976,3637.649902,-101,1442,1480,-193,49951.875,8410.075195,926.700012,63,23934.52539,3917.474854,3944,22772
"Microtus longicaudus",-118.71453,36.658459,-118.71453,36.658459,3014,183,1589,51,51342,1772.425049,-1329.5,3101.925049,-374,887,887,-404,130092.4297,29583.97461,490.799988,93,79307.04688,2972.975098,2973,72928
"Microtus longicaudus",-118.757427,36.579783,-118.757427,36.579783,2091,734,1343,43,60945,2475.774902,-586.75,3062.524902,84,1555,1575,35,107077,22530.84961,402.225006,87,60595.30078,2136.675049,3008,58461
"Microtus longicaudus",-122.320284,41.32009,-122.320284,41.32009,1094,1010,1557,46,62718,3038.475098,-330.524994,3369,237,1825,1846,237,100269.3516,20144.47461,478.125,79,52489.34766,3398.425049,3802,52489
"Microtus longicaudus",-119,37.61,-119,37.61,2686,485,1453,44,65089,2313.125,-983.75,3296.875,-282,1352,1362,-282,95554.92969,21022.52539,407.325012,96,58316.32813,2031.449951,2462,58316
"Microtus longicaudus",-118.99,37.63,-118.99,37.63,2449,485,1717,47,64199,2497.324951,-1088.574951,3585.899902,-288,1359,1359,-288,66800.125,13993.6748,547.325012,86,38236.14844,2464.125,2464,38236
"Microtus longicaudus",-119.001943,37.615228,-119.001943,37.615228,2686,512,1427,43,64405,2361.475098,-949.300049,3310.775146,-256,1377,1377,-256,80161.02344,17126.07422,488.549988,92,47730.92578,2265.725098,2266,47731
"Microtus longicaudus",-117.48083,38.93389,-117.48083,38.93389,2060,597,1908,45,74515,2905.899902,-1263.449951,4169.349609,506,1537,1610,-331,20247.125,2169.600098,1172.400024,17,6132.325195,4139.875,4673,5041
"Microtus longicaudus",-120.377881,41.451324,-120.377881,41.451324,1516,846,1516,41,72506,2968.300049,-689.599976,3657.899902,74,1794,1813,-50,37950.55078,4752.25,785.349976,42,13440,3526.375,4241,13423
"Microtus longicaudus",-120.267567,41.334976,-120.267567,41.334976,2186,483,1200,36,71442,2417.199951,-908.625,3325.824951,-381,1425,1444,-381,67026.04688,10457.7002,1122.275024,54,29396.77539,4893.549805,6078,29397
"Microtus longicaudus",-120.1402,38.93886,-120.1402,38.93886,2380,525,1155,39,61605,2208.774902,-705.349976,2914.125,-170,1366,1380,-170,145136.1719,27385.40039,527.025024,81,75789.45313,3838.325195,4602,75789
"Microtus longicaudus",-117.785,46.1008,-117.785,46.1008,1731,432,995,33,66596,2197.125,-810.275024,3007.399902,-283,1328,1328,-382,130373.2734,20179.30078,2003.599976,60,58970.64844,9302.174805,9302,53288
"Microtus longicaudus",-115.22,40.81,-115.22,40.81,2071,685,1394,38,78040,2748.774902,-895.900024,3644.674805,-142,1693,1728,-280,42417.125,5732.600098,1558.724976,38,15515.4248,5323.524902,5688,14830
"Microtus longicaudus",-111.50333,39.13917,-111.50333,39.13917,2933,228,1307,39,71178,2054.199951,-1282.525024,3336.725098,-549,1193,1193,-643,74709.89844,10477.5,2378.75,34,26882.5,11636.32422,11636,23508
"Microtus longicaudus",-111.30488,39.69582,-111.30488,39.69582,2630,338,1488,40,73979,2366.300049,-1286.949951,3653.25,-460,1341,1341,-576,62021.02344,7396.125,2514.350098,28,21842.90039,10367.59961,10368,20266
"Microtus longicaudus",-115.5,40.16,-115.5,40.16,1865,786,1702,41,81161,3074.424805,-1068.75,4143.174805,-77,1800,1863,-248,30336.90039,3918.949951,1118.625,32,10128.15039,4184.700195,4554,9990
"Microtus longicaudus",-115.59,40.34,-115.59,40.34,1907,776,1465,38,81172,2945.074951,-897.5,3842.574951,618,1826,1867,-232,34722.44922,4602.549805,1234.25,34,12263.97461,4597.375,5136,9957
"Microtus longicaudus",-123.312592,47.52222,-123.312592,47.52222,848,770,820,36,50204,2080.550049,-181.050003,2261.600098,267,1412,1458,180,260686.3906,44137.02344,2736.550049,65,122964,15599.4502,19088,115195
"Microtus longicaudus",-110.76167,43.48,-110.76167,43.48,1902,328,1746,40,88656,2739.175049,-1591.349976,4330.524902,785,1377,1446,-849,39258.82422,4374.049805,2669.100098,14,11112.4502,8675.775391,9249,10247
"Microtus longicaudus",-118.08858,37.82444,-118.08858,37.82444,1498,1146,1844,43,81265,3440.949951,-753.625,4194.575195,662,589,2235,131,10946.09961,1137.074951,627.724976,20,3276.299805,2122.074951,2795,2754
"Microtus longicaudus",-118.96647,37.126209,-118.96647,37.126209,2560,481,1574,49,55711,2173.324951,-999.75,3173.074951,-170,1240,1240,-170,99576.45313,21763,190.450012,93,58547.875,1869.824951,1870,58548
"Microtus longicaudus",-118.7957,37.2177,-118.7957,37.2177,3352,23,1278,43,56549,1559.650024,-1391.849976,2951.5,-626,794,794,-630,106613.125,24575.29883,533.825012,95,65075.64844,2482.725098,2483,63140
"Microtus longicaudus",-109.85973,40.8745,-109.85973,40.8745,2635,160,1748,42,80187,2348.149902,-1760.625,4108.774902,49,-713,1224,-843,47635,5922.850098,2625.875,24,16159.65039,9273.599609,10828,9708
"Microtus longicaudus",-116.96972,34.21944,-116.96972,34.21944,2334,689,1586,49,58019,2441.274902,-757.924988,3199.199951,52,1466,1470,5,92341.35156,17955.40039,364.049988,82,51192.32813,4079.25,6270,48049
"Microtus longicaudus",-115.55,40.06,-115.55,40.06,2047,840,1440,37,82222,2984.100098,-848.450012,3832.550049,-39,1907,1940,-179,30096.94922,3797.274902,1120.849976,32,10046.25,4173.850098,4544,9744
"Microtus longicaudus",-115.53,40.07,-115.53,40.07,1832,776,1706,41,81419,3072.574951,-1058.425049,4131,-85,1796,1858,-259,29209.65039,3427.975098,1108.575073,30,9493.299805,4164.424805,4531,9065
"Microtus longicaudus",-115.11,40.72,-115.11,40.72,2113,667,1376,37,77829,2712.574951,-909.299988,3621.875,-159,1676,1709,-293,40397.19922,5758.899902,1519.025024,38,14985.59961,4954.75,5522,14667
"Microtus longicaudus",-115.07,40.91,-115.07,40.91,2021,739,1421,38,79694,2827.375,-878.175049,3705.550049,-255,1765,1798,-255,44516.94922,6228.824707,1465.875,41,16987.44922,5114.5,5576,16987
"Microtus longicaudus",-115.48,41.79,-115.48,41.79,2477,273,1106,33,73720,2194.574951,-1102.625,3297.199951,-509,1254,1266,-603,69749.39844,9315,1843.474976,43,26069.52539,6465.274902,8172,23506
"Microtus longicaudus",-115.11,40.92,-115.11,40.92,3078,201,1279,38,68038,2075.899902,-1229.375,3305.274902,-523,1117,1130,-601,92063.82031,14073.2998,2215.425049,51,37940.89844,8071.799805,9334,37723
"Microtus longicaudus",-115.25444,41.01889,-115.25444,41.01889,1651,691,1932,43,83151,3159.725098,-1251.449951,4411.174805,644,1708,1774,-393,28606.30078,3835.050049,1039.125,37,10248,3537.024902,4100,8389
"Microtus longicaudus",-120.175277,39.104047,-120.175277,39.104047,2038,527,1484,45,60886,2445.524902,-812.125,3257.649902,-195,1358,1358,-195,98428.97656,18877.59961,430.5,81,52495.39844,2949.924805,2950,52495
"Microtus longicaudus",-117.1625,39.25556,-117.1625,39.25556,2347,718,1051,32,76747,2624.949951,-655.474976,3280.424805,-105,1736,1762,-190,53878.57422,7586.100098,1669.974976,42,20580.375,6467.225098,7480,18249
"Microtus longicaudus",-115.51193,39.23256,-115.51193,39.23256,2547,428,1364,38,76711,2498.475098,-1088.400024,3586.875,-143,1470,1470,-489,42161.92578,5677.399902,1772.375,38,15773.22461,5958.950195,5959,12467
"Microtus longicaudus",-115.54149,39.25306,-115.54149,39.25306,2902,273,1333,38,72761,2259.524902,-1218.375,3477.899902,-286,1265,1265,-595,48255.77344,6613.875,1996.824951,41,18530.09961,6516.799805,6517,14409
"Microtus longicaudus",-114.64778,39.80556,-114.64778,39.80556,2368,685,1347,37,79126,2742.149902,-895.174988,3637.324951,108,1720,1769,-258,32185.42578,4169.950195,1512.175049,34,11567.77539,5170.225098,5386,9821
"Microtus longicaudus",-114.885,39.90056,-114.885,39.90056,1887,793,1744,41,82856,3136.774902,-1078.800049,4215.575195,684,835,1904,-251,22214.84961,2637.649902,1358.275024,18,6690,4782.275391,5093,5650
"Microtus longicaudus",-117.034396,39.395973,-117.034396,39.395973,2220,769,1168,34,76328,2728.425049,-635.049988,3363.475098,200,1782,1813,-135,43081.69922,5958.725098,1463.050049,41,16130.40039,5237.75,5949,13803
"Microtus longicaudus",-116.86,44.76,-116.86,44.76,1263,697,1293,35,79688,2815.199951,-874.025024,3689.225098,-180,1727,1739,-308,53144.80078,6787.549805,1347.25,40,19551.55078,5354.399902,6919,19231
"Microtus longicaudus",-116.63,45.08,-116.63,45.08,1466,542,1470,38,75815,2742.100098,-1044.074951,3786.175049,-285,1496,1537,-425,72044.10156,9801.900391,1563.349976,47,28465.125,6231.375,7930,27760
"Microtus longicaudus",-116.57,45.13,-116.57,45.13,2112,248,1357,38,71211,2248.774902,-1287.900024,3536.674805,-524,1187,1187,-637,109530.0781,16395.07422,1740.974976,54,45668.19922,7641.399902,7641,44771
"Microtus longicaudus",-116.54,45.18,-116.54,45.18,2014,207,1353,39,69619,2195.074951,-1258.25,3453.324951,-652,1128,1128,-652,107688.9219,16557.25,1829.175049,52,44477,8018.149902,8018,44477
"Microtus longicaudus",-116.8667,44.7664,-116.8667,44.7664,1098,830,1234,33,83038,2974.175049,-732.950012,3707.125,-109,1886,1902,-238,51171.92578,6380.599609,1291.550049,40,18528.32422,5167.549805,6718,18216
"Microtus longicaudus",-116.6367,45.0884,-116.6367,45.0884,1624,509,1405,37,76737,2652.399902,-1054.375,3706.774902,-327,1493,1525,-452,81893.64844,11596.125,1618.25,49,33016.32422,6535.450195,8208,32366
"Microtus longicaudus",-112.2831,42.7575,-112.2831,42.7575,1649,709,1353,34,87845,2925.225098,-1007.025024,3932.25,-248,1862,1862,-413,52523.72656,6271.625,2402.824951,29,18014.57422,8138.775391,8139,17151
"Microtus longicaudus",-112.3778,42.6922,-112.3778,42.6922,2009,542,1156,31,84897,2625.824951,-1039.324951,3665.149902,-370,1633,1675,-513,74326.92188,9796.900391,2660.550049,42,28433.52539,8889.174805,9137,27452
"Microtus longicaudus",-119.601803,37.513824,-119.601803,37.513824,1954,964,1410,45,60760,2708.800049,-400.600006,3109.400146,285,1798,1798,269,116616.5,25179.82422,185.524994,90,68289.27344,2161.274902,2161,63277
"Microtus longicaudus",-110.7194,32.3814,-110.7194,32.3814,2067,1131,1261,43,61570,2643.675049,-239.699997,2883.375,1868,1421,1918,363,75213.04688,16384.40039,1376.5,68,37496.69922,5392.200195,29952,18496
"Microtus longicaudus",-113.7097,41.9163,-113.7097,41.9163,1868,680,1450,36,86230,2935.149902,-1090.375,4025.524902,1015,1353,1829,-400,29564.82422,3414.149902,1503.149902,21,8651.275391,5770.950195,6812,8400
"Microtus longicaudus",-120.4269,44.3964,-120.4269,44.3964,1260,616,1650,44,67774,2771.024902,-922.724976,3693.75,-156,1481,1493,-253,39548.69922,5428.924805,1074.800049,40,15233.4248,4968.075195,5569,14158
"Microtus longicaudus",-122.2111,42.3499,-122.2111,42.3499,1520,640,1439,45,59842,2567.024902,-626.650024,3193.674805,-12,1434,1434,-90,101867.0469,15754.7998,1164.074951,57,43828.60156,6696.725098,6697,41652
"Microtus longicaudus",-115.9076,46.3966,-115.9076,46.3966,955,697,1358,37,74662,2808.949951,-816.724976,3625.674805,-153,1628,1677,-248,95810.72656,12299.15039,2157.274902,42,36168.75,9657.699219,11196,33807
"Microtus longicaudus",-115.7236,47.5169,-115.7236,47.5169,1801,249,827,27,71491,1990.375,-1036.349976,3026.725098,-504,1201,1201,-616,132568.625,18135.65039,3116.449951,46,53245.125,13518.2998,13518,49866
"Microtus longicaudus",-112.3667,42.6892,-112.3667,42.6892,2048,586,1176,32,84023,2685.375,-987.400024,3672.774902,-325,1657,1695,-466,76784.97656,10211.40039,2652.025146,43,29679.92578,8968.950195,9211,28607
"Microtus longicaudus",-109.2011,33.8839,-109.2011,33.8839,2764,474,1677,48,63829,2252.25,-1238.449951,3490.699951,1262,751,1317,-322,61249.57422,9671.450195,1869.400024,45,24559.40039,7363.125,20930,15477
"Microtus longicaudus",-109.35,33.6006,-109.35,33.6006,2788,569,1611,48,63194,2276.149902,-1074.375,3350.524902,1343,852,1406,-225,73330.82813,9688.025391,1863.074951,40,25877.42578,8336.049805,21066,22241
"Microtus longicaudus",-109.4133,33.9905,-109.4133,33.9905,2783,486,1650,47,63555,2217.725098,-1228.574951,3446.300049,1270,763,1323,-307,65070.89844,10043.59961,1974.800049,46,25441.84961,8083.424805,22268,17291
"Microtus longicaudus",-116.916578,38.666252,-116.916578,38.666252,2536,546,1411,38,74748,2573.449951,-1052.25,3625.699951,12,1513,1580,-344,42561.52344,5925.049805,1395.400024,38,15419.32422,5669,6426,13969
"Microtus longicaudus",-116.96317,38.71333,-116.96317,38.71333,2434,575,1462,40,75038,2648.149902,-1002.800049,3650.949951,-205,1545,1608,-322,42180.17578,5954.075195,1346.975098,39,15377.05078,5529.675293,6309,13768
"Microtus longicaudus",-116.95392,38.71333,-116.95392,38.71333,2480,497,1417,40,73397,2519.975098,-1013.974976,3533.950195,-265,1451,1515,-368,47434.47656,6839.350098,1281.824951,42,17666.80078,5687.849609,6637,15919
"Microtus longicaudus",-109.844742,34.037867,-109.844742,34.037867,1992,939,1741,47,70522,2823.149902,-824.174988,3647.324951,1807,1256,1855,40,59744.55078,9307.700195,1757.550049,44,23080.45117,7263.525391,19703,15882
"Microtus longicaudus",-120.33,44.48,-120.33,44.48,1555,615,1225,38,65440,2459.524902,-693.349976,3152.875,-88,1489,1489,-193,58802.875,9199.724609,1228.75,50,24676.84961,5498,5498,22236
"Microtus longicaudus",-111.56333,41.57472,-111.56333,41.57472,1778,530,1817,41,83461,2911.699951,-1420.200073,4331.899902,-397,1612,1612,-561,47383.77344,6059.100098,1980.974976,30,16148.27539,6892.475098,6892,15107
"Microtus longicaudus",-106.923897,37.464702,-106.923897,37.464702,2571,365,1817,43,79509,2490.524902,-1672.525024,4163.049805,-518,720,1387,-678,82052.77344,10026.4502,3088.5,28,27221.42578,13341.55078,19349,24059
"Microtus longicaudus",-106.554104,38.167276,-106.554104,38.167276,3002,302,1573,40,81603,2315.949951,-1601.224976,3917.174805,1289,-588,1352,-754,39364.77344,5898.224609,2176.550049,35,14964.7998,7182.674805,13482,7698
"Microtus longicaudus",-113.04667,37.40139,-113.04667,37.40139,2434,555,1439,41,70161,2439.225098,-1004,3443.225098,-192,820,1507,-298,55102.22656,6782.075195,1431.875,30,19024.67578,9902.550781,11449,17080
"Microtus longicaudus",-118.999614,37.630973,-118.999614,37.630973,2496,450,1652,47,62675,2407.625,-1068.525024,3476.149902,-299,1296,1296,-299,73609.89844,15646.17578,557.575012,88,42528.52734,2493.699951,2494,42529
"Microtus longicaudus",-118.703029,36.38363,-118.703029,36.38363,2266,633,1318,45,57165,2263.350098,-653.424988,2916.775146,-17,1409,1426,-17,91989,18981.67578,209.225006,88,50755.94922,1526.324951,1680,50756
"Microtus longicaudus",-118.746942,36.55654,-118.746942,36.55654,2045,807,1154,40,59035,2406.324951,-412.299988,2818.625,171,1610,1623,142,108730.2734,22258.22461,466.549988,86,61254.25,2285.875,3053,58506
"Microtus longicaudus",-118.707058,36.609323,-118.707058,36.609323,2288,477,1485,45,61612,2271.949951,-978.75,3250.699951,-180,1307,1307,-252,113974.1016,24932.07422,528.099976,88,65485.39844,2524.524902,3841,63450
"Microtus longicaudus",-118.76764,36.567856,-118.76764,36.567856,1998,810,1210,41,61489,2499.125,-424.049988,2923.175049,149,1632,1665,105,109884.2969,21537.02539,423.225006,86,61395.35156,2268.375,2969,59147
"Microtus longicaudus",-122.463445,41.37092,-122.463445,41.37092,1850,693,1029,36,64317,2397.600098,-415.25,2812.850098,-57,1541,1583,-57,105648.9453,20356.375,436.5,79,55494.77344,3330.850098,4376,55495
"Microtus longicaudus",-118.53999,36.180745,-118.53999,36.180745,2372,602,1332,43,57761,2321.050049,-715.925049,3036.975098,-20,1392,1393,-62,102273.375,20213.75,424.700012,86,57058.64844,2038.525024,2580,54769
"Microtus longicaudus",-118.57704,36.56384,-118.57704,36.56384,2617,362,1505,48,55541,1989.449951,-1117.75,3107.199951,-254,1122,1122,-289,89608.95313,17837.65039,224.475006,87,50294.97656,1373.800049,1374,48737
"Microtus longicaudus",-119.921001,39.259582,-119.921001,39.259582,2216,631,1290,40,65745,2500.75,-678.924988,3179.675049,-146,1523,1523,-146,72738.04688,14564.4502,561.650024,84,40538.55078,2609.5,2610,40539
"Microtus longicaudus",-119.320001,38.189726,-119.320001,38.189726,2152,564,1789,48,65424,2584.25,-1142.349976,3726.600098,-248,1413,1446,-248,43861.52734,8414.900391,1169.325073,70,22609.77539,3915.25,4085,22610
"Microtus longicaudus",-124.112336,41.926251,-124.112336,41.926251,62,1190,1098,56,33364,2256.25,315.25,1941,755,1571,1602,755,209819.125,35499.17578,853.899963,73,99937.75,6666.625,7801,99938
"Microtus longicaudus",-124.018128,41.752814,-124.018128,41.752814,587,1199,1038,46,44931,2492.600098,253.574997,2239.025146,658,1735,1797,658,257530.5156,44941.05078,904.099976,74,125070.75,7497.099609,10637,125071
"Microtus longicaudus",-112.67297,37.52415,-112.67297,37.52415,2591,408,1319,40,69510,2119.774902,-1161.975098,3281.75,-348,684,1343,-453,57941.60156,6676.049805,1376.175049,30,19657.04883,8618.875,11819,18812
"Microtus longicaudus",-111.4514,38.04647,-111.4514,38.04647,2852,367,1399,41,71013,2176.375,-1219.125,3395.5,-385,652,1327,-512,61563.375,7850.649902,1913.925049,29,20774.27539,10740.7998,13541,17774
"Microtus longicaudus",-111.74455,40.77182,-111.74455,40.77182,1759,829,1397,36,84429,2961.425049,-892.849976,3854.274902,718,1945,1945,-240,57670.5,6931.074707,2568.800049,28,18772.02344,8171.275391,8171,16713
"Microtus longicaudus",-109.73069,40.85713,-109.73069,40.85713,2392,337,1703,40,83021,2557.350098,-1629.800049,4187.150391,237,-578,1423,-719,41549.47656,5078.700195,2348.600098,23,13919.82422,8000.100098,9419,8321
"Microtus longicaudus",-117.5363,41.6846,-117.5363,41.6846,2166,486,1116,33,73649,2424.175049,-891.025024,3315.200195,-300,1480,1480,-393,56901.25,7979.174805,698.075012,51,22666.57422,3674.375,3674,20943
"Microtus longicaudus",-115.24,41.49,-115.24,41.49,1765,610,1860,42,82413,3041.699951,-1312.5,4354.200195,-272,1630,1691,-457,24286.92578,2938.175049,972.974976,29,7516.625,3469.574707,4358,7334
"Microtus longicaudus",-114.07,41.95,-114.07,41.95,1555,782,1693,40,83294,3156.350098,-1039.150024,4195.5,1148,1823,1881,-283,26823.09961,3408.550049,1510.099976,23,8863.674805,4832.200195,5968,6549
"Microtus longicaudus",-114.5,41.9,-114.5,41.9,2109,532,1326,36,79870,2680.274902,-999.925049,3680.199951,-331,1567,1591,-461,41209.47656,5141.049805,1589.025024,32,13501.875,5092.899902,6379,13031
"Microtus longicaudus",-116.04664,41.77714,-116.04664,41.77714,2114,495,1514,39,76931,2688.475098,-1151.099976,3839.575195,-341,1501,1516,-449,61258.07422,8305.775391,1239.449951,51,24232.82422,4194.450195,5286,22310
"Microtus longicaudus",-121.598586,41.582996,-121.598586,41.582996,2041,530,1228,38,65387,2448.600098,-708.525024,3157.125,-242,1400,1421,-242,113726.7266,22245.875,458.125,79,59598.35156,3189.425049,3633,59598
"Microtus longicaudus",-122.925881,41.910649,-122.925881,41.910649,1930,660,903,34,60852,2220.024902,-397.625,2617.649902,-32,1517,1517,-32,106250.375,18339.32617,921.149963,64,47685.45313,6245.824707,6246,47685
"Microtus longicaudus",-122.905471,41.997971,-122.905471,41.997971,1803,629,869,35,56496,2130.199951,-346.799988,2477,-4,1368,1434,-4,123766.125,20429.40039,1146.424927,64,54908.10156,6855.525391,6960,54908
"Microtus longicaudus",-123.543429,41.931843,-123.543429,41.931843,1577,787,1063,40,56977,2433.574951,-210.75,2644.324951,166,1519,1601,166,217323.5781,41628.75,810.125,79,112087.2266,5225.125,7615,112087
"Microtus longicaudus",-123.499587,41.058113,-123.499587,41.058113,1610,908,1242,40,62998,2713.625,-327.674988,3041.300049,172,1731,1762,172,206062.9531,35510.19922,1093.275024,69,96249.29688,8292.424805,9797,96249
"Microtus longicaudus",-122.42382,41.402433,-122.42382,41.402433,1060,1011,1551,45,65428,3055.550049,-384.75,3440.300049,208,1865,1884,208,79677.97656,13889.77539,419.75,71,38344.625,3203.450195,3408,38345
"Microtus longicaudus",-119.897817,39.163952,-119.897817,39.163952,2469,462,1165,37,66086,2219.149902,-857.849976,3077,-258,1362,1362,-314,81563.52344,15609.3252,358.724976,78,42309.30078,2721.600098,2722,42167
"Microtus longicaudus",-119.90713,39.16395,-119.90713,39.16395,2476,459,1140,37,66858,2199.774902,-879.725037,3079.5,-327,1360,1370,-327,78600.17188,14991.9248,353.325012,78,40941.60156,2703.649902,2712,40942
"Microtus longicaudus",-120.3058,42.1889,-120.3058,42.1889,1693,682,1424,40,70354,2736.600098,-758.549988,3495.150146,-169,1609,1624,-169,37339.5,5163.899902,405.700012,42,13698.75,3832.725098,4270,13699
"Microtus longicaudus",-117.59806,38.87194,-117.59806,38.87194,2106,758,1568,42,73938,2893.274902,-823.675049,3716.949951,599,1718,1765,-135,20859.84961,2303.024902,1153.199951,20,6453.099609,4196.625,4583,5301
"Microtus longicaudus",-111.1528,43.5721,-111.1528,43.5721,1952,403,1589,38,87465,2714.074951,-1446,4160.075195,-550,1471,1526,-733,51260.30078,5568.600098,3024.774902,18,14786.4502,9706.650391,10582,14492
"Microtus longicaudus",-119.8594,41.59222,-119.8594,41.59222,1710,738,1522,40,75447,2926.675049,-848.200012,3774.875,-62,1727,1758,-184,27882.09961,3575.775146,672.924988,41,9944.150391,2630.824951,3372,9924
"Microtus longicaudus",-119.85944,41.59947,-119.85944,41.59947,1710,739,1522,40,75535,2926.074951,-847.299988,3773.375,-62,1730,1759,-184,27799.17578,3569.925049,672.375,41,9941.549805,2631.800049,3373,9917
"Microtus longicaudus",-113.7033,44.1569,-113.7033,44.1569,2382,65,1622,39,82422,2314.375,-1783.5,4097.875,-841,1096,1138,-983,48399.44922,5131.975098,2690.850098,19,14435.4502,8814.474609,10241,13874
"Microtus longicaudus",-114.8583,43.9153,-114.8583,43.9153,2147,190,1845,43,80820,2562.899902,-1721.949951,4284.849609,-855,1185,1223,-855,60298.97266,8345.049805,1628.675049,45,23988.125,6288.5,7527,23988
"Microtus longicaudus",-106.2261,41.35127,-106.2261,41.35127,3071,-26,1202,34,78872,1973.849976,-1486.925049,3460.774902,-232,1030,1030,-977,75491.42188,10121.65039,3289.399902,32,25859.57422,12680.27539,12680,22604
"Microtus longicaudus",-118.64,36.12,-118.64,36.12,1724,986,1292,42,60578,2745.824951,-282.474976,3028.299805,342,1807,1819,291,90475.17188,17325.19922,263.075012,86,50206.47656,1592.674927,1999,47889
"Microtus longicaudus",-118.262087,36.570723,-118.262087,36.570723,3307,107,1239,42,56761,1673.324951,-1255.25,2928.574951,-520,898,898,-520,56870.10156,12104.97461,639.75,84,31245.69922,2557.774902,2558,31246
"Microtus longicaudus",-118.247447,36.576454,-118.247447,36.576454,2959,217,1368,45,55600,1843.800049,-1151.724976,2995.524902,-386,989,989,-398,57022.10156,12909.875,781,84,31682.72656,2803.475098,2803,30272
"Microtus longicaudus",-121.220416,40.695123,-121.220416,40.695123,1696,685,1697,46,65227,2799.800049,-885.700012,3685.5,-25,1554,1554,-129,47044.35156,7694.100098,312.649994,63,21652.05078,2672.25,2672,20539
"Microtus longicaudus",-119.64361,40.44417,-119.64361,40.44417,1209,1052,1664,41,79942,3327.300049,-689,4016.300049,34,2055,2105,34,19092.27539,2922.725098,356.725006,49,8103.924805,1764.599976,2222,8104
"Microtus longicaudus",-114.15,39.23,-114.15,39.23,2607,586,1383,37,80274,2637.550049,-1016.349976,3653.899902,17,108,1664,-397,44406.75,4924.875,2592.050049,19,13376.5,9202.325195,10880,11177
"Microtus longicaudus",-120.0958,42.0433,-120.0958,42.0433,1946,583,1281,37,72592,2610.149902,-818.825012,3428.974854,-155,1544,1561,-298,63037.64844,8932.075195,853.850037,53,25447.05078,4396.024902,4836,25191
"Microtus longicaudus",-111.6005,40.40359,-111.6005,40.40359,2157,570,1089,30,86986,2634.450195,-988.799988,3623.250244,-504,1745,1745,-504,96042.97656,15309,3027.824951,46,39851.85156,11597.0498,11597,39852
"Microtus longicaudus",-117.0419,48.1833,-117.0419,48.1833,652,712,1500,39,77804,2980.800049,-853.674988,3834.475098,-179,1630,1708,-313,60049.875,9011.349609,2139.449951,43,24698.64844,7652.625,8365,21889
"Microtus longicaudus",-113.5811,43.4553,-113.5811,43.4553,1848,561,1486,35,92825,2912.449951,-1293.074951,4205.524902,-629,1708,1772,-629,34150.60156,3795.300049,1711.725098,25,10937.75,5497.5,6132,10938
"Microtus longicaudus",-113.5635,43.4729,-113.5635,43.4729,1835,583,1507,35,94525,2962.024902,-1325.849976,4287.875,-641,1741,1808,-641,33793.60156,3714,1659.050049,25,10870.4502,5371.225098,5993,10870
"Microtus longicaudus",-118.3311,44.5781,-118.3311,44.5781,1496,573,1427,37,78371,2765.850098,-1052.025024,3817.875,-310,1566,1588,-437,55316.55078,8542.525391,1255.125,53,24020.15039,4834.450195,6171,23540
"Microtus longicaudus",-111.5725,42.3292,-111.5725,42.3292,2583,276,1136,32,79180,2177.850098,-1270.974976,3448.825195,-560,1317,1343,-683,99111.20313,14185.2002,3209.600098,45,39226.375,11343.6748,11701,38942
"Microtus longicaudus",-119.930175,38.68196,-119.930175,38.68196,2310,501,1401,43,63610,2346.625,-872.150024,3218.774902,-204,1358,1362,-240,109110.875,20463.25,691.650024,77,57549.02344,4255.825195,4852,54777
"Microtus longicaudus",-117.3669,45.2558,-117.3669,45.2558,1968,83,1290,40,62725,1893.824951,-1302,3195.824951,-555,926,926,-676,114584.7031,16497.84961,1907.150024,49,45251.97266,8606.299805,8606,44773
"Microtus longicaudus",-112.37898,39.95994,-112.37898,39.95994,2003,787,1293,34,82658,2880.300049,-818.775024,3699.075195,-76,1907,1907,-227,46002.47656,5924.75,1939.449951,35,17154.17578,6502.625,6503,15345
"Microtus longicaudus",-112.45222,40.35528,-112.45222,40.35528,1550,881,1663,39,87946,3218.175049,-1027.824951,4246,785,2054,2054,-228,33029.97656,3815.075195,1572.975098,25,11212.15039,6448.5,6449,8174
"Microtus longicaudus",-104.94,36.46,-104.94,36.46,2000,963,1739,47,72010,2846.5,-852.125,3698.625,1901,153,1901,45,41533.30078,6900.325195,848.599976,60,18836.02539,3102.25,18836,3513
"Microtus longicaudus",-111.87105,40.80265,-111.87105,40.80265,1605,983,1283,34,84434,3039.399902,-700.424988,3739.824951,448,2102,2102,-92,54957.64844,6882.174805,1975.150024,35,19089.125,6769.325195,6769,16656
"Microtus longicaudus",-111.81115,40.82065,-111.81115,40.82065,1797,733,1333,36,79669,2757.175049,-883.549988,3640.725098,-115,1799,1799,-271,71838,9210,2481.324951,38,25639.22461,8088.450195,8088,23403
"Microtus longicaudus",-122.8864,46.8378,-122.8864,46.8378,80,1019,1145,45,48901,2532.450195,-5.175001,2537.625244,473,1658,1658,402,121499.2969,20470.75,1700.549927,63,57804.02344,8510.549805,8511,53408
"Microtus longicaudus",-122.9107,44.2042,-122.9107,44.2042,448,1112,998,39,50590,2583.149902,57.799999,2525.349854,554,1770,1782,491,131132.9688,19995.77539,1425.075073,58,57689.32422,8424,9281,53458
"Microtus longicaudus",-114.31667,39.005,-114.31667,39.005,3285,437,1162,37,70679,2144.399902,-991.25,3135.649902,173,1024,1411,-382,67213.92188,8484.224609,3218.824951,32,23719.67578,10900.125,13196,19149
"Microtus longicaudus",-117.1014,47.8706,-117.1014,47.8706,1257,581,1168,33,77395,2584.350098,-881.450012,3465.800049,-291,1551,1592,-403,98581,15885.44922,1614.525024,58,45363.92578,8445.674805,9354,40724
"Microtus longicaudus",-121.1194,47.7494,-121.1194,47.7494,1110,502,921,32,65148,2146.475098,-715.675049,2862.150146,-218,1346,1355,-318,196262,32084.15039,2563.074951,63,92864.42188,12539.9502,16076,82984
"Microtus longicaudus",-120.6525,45.985,-120.6525,45.985,957,766,1128,34,73600,2641.175049,-658.974976,3300.149902,-64,1713,1713,-174,56739.89844,11456.02539,627.849976,80,31060.07422,3055.300049,3055,29264
"Microtus longicaudus",-121.5208,45.4189,-121.5208,45.4189,1333,546,826,31,61534,2071.050049,-549.200012,2620.25,-92,1341,1388,-195,141701.6563,26236.125,1220.425049,69,70116.32813,7860.725098,8772,65060
"Microtus longicaudus",-120.667186,45.974762,-120.667186,45.974762,1055,727,1154,35,72010,2608.725098,-670.400024,3279.125,-87,1655,1655,-195,55956.85156,11527.8252,633.224976,81,30734.42578,3154.050049,3154,29199
"Microtus longicaudus",-111.106,44.1296,-111.106,44.1296,1890,352,1597,39,84267,2643.274902,-1430.574951,4073.849854,-581,1391,1456,-725,72090.89844,9031.25,2890.774902,31,23950.77344,10560.22461,11550,23929
"Microtus longicaudus",-113.6501,48.7993,-113.6501,48.7993,1510,338,1228,34,74526,2334.399902,-1220.824951,3555.224854,-446,1239,1316,-612,108169.9453,13888.6748,3888.350098,33,39536.22656,17423.25,20543,33776
"Microtus longicaudus",-123.020779,41.169367,-123.020779,41.169367,1378,904,1074,37,63708,2649.649902,-213.649994,2863.299805,231,1756,1756,135,138594.2188,33344.64844,226.324997,88,76881.60156,4057.125,4057,75809
"Microtus longicaudus",-120.26746,38.75476,-120.26746,38.75476,1510,1006,1545,46,61900,2922.649902,-397.450012,3320.099854,321,1835,1840,278,121242.7031,23458.57422,205.425003,80,65472.27344,3237.050049,3827,61271
"Microtus longicaudus",-122.20165,41.350522,-122.20165,41.350522,2264,445,1070,38,59692,2119.25,-674.200012,2793.449951,-244,1273,1273,-244,166185.75,30928.09961,612.349976,80,85029.14844,4189.100098,4189,85029
"Microtus mexicanus",-111.3761,34.8372,-111.3761,34.8372,2286,727,1627,44,71609,2638.375,-1037.724976,3676.100098,1639,1012,1676,-164,62342.47656,8016.800293,1220.674927,40,20592.02539,7270.600098,16966,19331
"Microtus montanus",-118.4725,40.17944,-118.4725,40.17944,1216,1039,1867,43,82640,3415.449951,-856.875,4272.325195,-20,2054,2128,-20,11828.25,1462.474976,395.125,34,4108.875,1583.324951,1819,4109
"Microtus montanus",-118.29,36.57,-118.29,36.57,3889,-279,1208,41,58269,1291.25,-1632.149902,2923.399902,-924,536,536,-924,71286.32813,13808.9502,491.974976,85,38685.32422,2178.824951,2179,38685
"Microtus montanus",-106.987222,38.869707,-106.987222,38.869707,2719,144,1898,42,88145,2432,-2004.175049,4436.174805,1195,578,1254,-1011,53709.67188,5594.149902,2825.024902,20,15950.34961,11052.09961,13516,14964
"Microtus montanus",-120.379685,41.784202,-120.379685,41.784202,1441,840,1554,41,74499,3023.175049,-744.950012,3768.125,24,1827,1827,-97,43674.22656,6380.800293,951.924988,50,17528.69922,3975.675049,3976,16585
"Microtus montanus",-120.344282,41.436398,-120.344282,41.436398,1600,783,1511,41,72763,2908.925049,-761.325012,3670.25,-113,1736,1756,-113,43235.10156,5430.649902,872.724976,42,15098.6748,3884.574951,4896,15099
"Microtus montanus",-120.310479,39.44296,-120.310479,39.44296,2174,454,1519,45,61834,2365.350098,-957.224976,3322.575195,-240,1278,1278,-286,95996.29688,17803.19922,551.25,79,50243.14844,3215.824951,3216,49826
"Microtus montanus",-120.377779,39.818871,-120.377779,39.818871,1509,757,1892,49,64661,2990.25,-835.875,3826.125,-77,1605,1605,-77,46685.05078,9382.375,451.775024,75,23986.92578,2254.699951,2255,23987
"Microtus montanus",-122.398523,41.602448,-122.398523,41.602448,813,1106,1643,45,69389,3224.149902,-393.25,3617.399902,247,1996,2027,247,50249.89844,8174.5,685.025024,60,22797.02539,3605.75,4196,22797
"Microtus montanus",-118.52901,37.80021,-118.52901,37.80021,1739,992,1927,47,73971,3261.875,-789.099976,4050.975098,212,1921,1982,74,19104.30078,3753.5,568.125,60,8932.75,2415.25,2649,8916
"Microtus montanus",-118.3139,46.2997,-118.3139,46.2997,315,1150,1317,36,77640,3256.25,-362.699982,3618.949951,238,2100,2160,140,38118.44922,4986.399902,865.399963,42,14324.72461,4020.524902,4464,13366
"Microtus montanus",-120.544615,39.301661,-120.544615,39.301661,1796,784,1269,42,59655,2503.324951,-481.524994,2984.849854,126,1591,1591,92,163138.3438,32787.17578,262.574982,81,86320.27344,3156.350098,3156,85002
"Microtus montanus",-122.320284,41.32009,-122.320284,41.32009,1094,1010,1557,46,62718,3038.475098,-330.524994,3369,237,1825,1846,237,100269.3516,20144.47461,478.125,79,52489.34766,3398.425049,3802,52489
"Microtus montanus",-120.2937,43.9753,-120.2937,43.9753,1306,688,1704,45,67287,2877.225098,-839.174988,3716.400146,-68,1548,1582,-161,31555.94922,3889.225098,993.674988,33,11125.02539,4355.625,5303,10540
"Microtus montanus",-120.737296,41.474398,-120.737296,41.474398,1345,865,1764,44,73515,3140.824951,-803.125,3943.949951,-59,1806,1837,-59,29828.125,3824.849854,411.200012,46,11024.2002,2576.949951,2936,11024
"Microtus montanus",-120.145,46.3558,-120.145,46.3558,236,1089,1505,39,79873,3237.774902,-576.799988,3814.574951,117,2025,2106,31,16325.375,2418.324951,466.425018,45,6776.224609,2088,2214,6257
"Microtus montanus",-120.980515,41.884222,-120.980515,41.884222,1395,790,1568,40,75445,2992.925049,-833.575012,3826.5,-29,1759,1783,-164,33507.94922,4091.875,549.549988,41,11361.7998,2981.350098,3786,11240
"Microtus montanus",-117.48083,38.93389,-117.48083,38.93389,2060,597,1908,45,74515,2905.899902,-1263.449951,4169.349609,506,1537,1610,-331,20247.125,2169.600098,1172.400024,17,6132.325195,4139.875,4673,5041
"Microtus montanus",-117.25639,39.29639,-117.25639,39.29639,1802,749,1946,44,78998,3154.149902,-1181.400024,4335.549805,661,775,1806,-247,18645.34961,2124.449951,990.724976,21,5797.875,3483.725098,4657,4706
"Microtus montanus",-117.6575,39.24028,-117.6575,39.24028,1938,745,1767,43,77055,3027.524902,-1022.724976,4050.25,244,1736,1797,-196,22654.125,3321.800049,862.5,40,8448.224609,3067.175049,3912,7556
"Microtus montanus",-120.409473,41.616355,-120.409473,41.616355,1439,849,1595,42,73879,3037.449951,-740.825012,3778.274902,43,1799,1831,-77,41228.44922,5728.700195,773.849976,46,15617.90039,3828.324951,4165,15155
"Microtus montanus",-119.6371,39.95028,-119.6371,39.95028,1409,1111,1440,39,76374,3169.925049,-500.524994,3670.449951,147,2083,2140,147,20445.47461,3292.050049,409.424988,48,8276.549805,1963.349976,2263,8277
"Microtus montanus",-119.304187,37.148065,-119.304187,37.148065,1646,1017,1426,45,60448,2817.350098,-347.75,3165.100098,342,1825,1845,326,87720.57813,17669.59961,249.824997,86,49985.19922,1813.349976,2179,45893
"Microtus montanus",-111.30488,39.69582,-111.30488,39.69582,2630,338,1488,40,73979,2366.300049,-1286.949951,3653.25,-460,1341,1341,-576,62021.02344,7396.125,2514.350098,28,21842.90039,10367.59961,10368,20266
"Microtus montanus",-109.79278,40.40389,-109.79278,40.40389,1697,706,1675,36,100330,3042.324951,-1572,4614.325195,1448,-481,1947,-674,21721.59961,2866.774902,1125.025024,29,7589.600098,4042.024902,4747,4215
"Microtus montanus",-115.5,40.16,-115.5,40.16,1865,786,1702,41,81161,3074.424805,-1068.75,4143.174805,-77,1800,1863,-248,30336.90039,3918.949951,1118.625,32,10128.15039,4184.700195,4554,9990
"Microtus montanus",-115.59,40.34,-115.59,40.34,1907,776,1465,38,81172,2945.074951,-897.5,3842.574951,618,1826,1867,-232,34722.44922,4602.549805,1234.25,34,12263.97461,4597.375,5136,9957
"Microtus montanus",-121.7082,40.3255,-121.7082,40.3255,1354,1123,1283,41,63082,2978.875,-122.549995,3101.425049,386,1976,1976,386,104944.3203,17828.47461,236.199997,72,51331.69922,3503.75,3504,51332
"Microtus montanus",-118.05361,37.73806,-118.05361,37.73806,1460,1123,1885,44,82359,3426.050049,-829.174988,4255.225098,1060,550,2222,85,10632.2002,1072.199951,632.5,19,3087.824951,2135.300049,2773,2625
"Microtus montanus",-120.21667,40.86884,-120.21667,40.86884,1624,714,1693,43,73148,2927.399902,-973.574951,3900.974854,-208,1649,1685,-208,25711.625,3421.299805,503.799988,42,9500.849609,2568.375,3092,9501
"Microtus montanus",-120.2808,40.9187,-120.2808,40.9187,1639,688,1722,44,72088,2920.300049,-986.25,3906.550049,-220,1610,1645,-220,25987.09961,3206.125,480.950012,40,9227.349609,2678.149902,3198,9227
"Microtus montanus",-115.53,40.07,-115.53,40.07,1832,776,1706,41,81419,3072.574951,-1058.425049,4131,-85,1796,1858,-259,29209.65039,3427.975098,1108.575073,30,9493.299805,4164.424805,4531,9065
"Microtus montanus",-115.55,40.13,-115.55,40.13,2433,588,1234,36,74592,2555.199951,-847.700012,3402.899902,-207,1578,1606,-297,48465.125,6244.524902,1189.574951,42,17863.07422,5246.899902,6015,16334
"Microtus montanus",-115.48,41.79,-115.48,41.79,2477,273,1106,33,73720,2194.574951,-1102.625,3297.199951,-509,1254,1266,-603,69749.39844,9315,1843.474976,43,26069.52539,6465.274902,8172,23506
"Microtus montanus",-114.12194,39.02783,-114.12194,39.02783,1600,965,1784,41,85928,3293.225098,-998.575012,4291.800293,899,-29,2105,-132,20760.30078,2386.524902,1030.400024,22,6485.75,4072.325195,4749,4554
"Microtus montanus",-115.33111,39.01333,-115.33111,39.01333,2399,593,1591,39,81081,2812.175049,-1191.5,4003.675049,-276,659,1682,-414,34315.85156,3951.174805,1801.349976,22,11020.69922,7179.424805,7965,9936
"Microtus montanus",-111.66554,40.24039,-111.66554,40.24039,1392,1024,1531,37,87579,3293.399902,-804.875,4098.274902,105,2169,2169,-104,42578.5,5016.600098,1749.675049,27,13865.92578,6468.200195,6468,13173
"Microtus montanus",-113.58333,37.10417,-113.58333,37.10417,829,1581,1908,44,85445,3859.449951,-430.825012,4290.274902,717,1993,2706,494,21831.65039,2876.649902,604.400024,35,8077.424805,3169.800049,4369,7661
"Microtus montanus",-119.4822,40.7192,-119.4822,40.7192,1208,1072,1660,40,81679,3340.425049,-722.575012,4063,25,2085,2145,25,16220.0498,2161.324951,415.700012,41,6089.974609,1620.199951,2397,6090
"Microtus montanus",-119.7486,48.5575,-119.7486,48.5575,753,699,1340,33,87247,2857.649902,-1088.449951,3946.099854,-324,1725,1782,-479,35927.34766,4270.049805,1591.875,30,12109.5,5613.100098,7471,11223
"Microtus montanus",-115.16361,37.365,-115.16361,37.365,1058,1388,2099,48,79597,3780.175049,-576.099976,4356.274902,557,1756,2443,382,17010.72461,2433.649902,442.375,38,6424.200195,2946.625,3684,5364
"Microtus montanus",-114.81,39.19,-114.81,39.19,1977,812,1748,41,82030,3115.350098,-1071.974976,4187.325195,683,854,1918,-208,26183.09961,2931.475098,1456.949951,20,7948.125,5369.375,6217,6648
"Microtus montanus",-117.10117,38.95378,-117.10117,38.95378,1662,891,1959,44,81656,3268,-1092.925049,4360.924805,55,917,1973,-149,14496.97461,1714.800049,695.724976,26,4560.625,2607.949951,3785,4019
"Microtus montanus",-117.1143,38.96403,-117.1143,38.96403,1660,892,1960,45,81277,3268.699951,-1078.625,4347.325195,63,918,1969,-142,15212.85059,1611.875,846.150024,20,4640.825195,2955.25,3784,4093
"Microtus montanus",-117.1625,39.25556,-117.1625,39.25556,2347,718,1051,32,76747,2624.949951,-655.474976,3280.424805,-105,1736,1762,-190,53878.57422,7586.100098,1669.974976,42,20580.375,6467.225098,7480,18249
"Microtus montanus",-117.034396,39.395973,-117.034396,39.395973,2220,769,1168,34,76328,2728.425049,-635.049988,3363.475098,200,1782,1813,-135,43081.69922,5958.725098,1463.050049,41,16130.40039,5237.75,5949,13803
"Microtus montanus",-114.48722,39.25639,-114.48722,39.25639,1720,898,1769,42,81138,3156.449951,-995.125,4151.575195,815,-32,1979,-134,22708.22461,2454.824951,1302.300049,19,6764.350098,4692.549805,5512,5456
"Microtus montanus",-114.72,39.19,-114.72,39.19,2190,690,1520,38,81573,2851.225098,-1057.875,3909.100098,121,760,1791,-322,33125.47656,3493.799805,2000.75,19,10278.375,6728.899902,7371,8856
"Microtus montanus",-114.0705,40.91833,-114.0705,40.91833,1306,975,1550,35,93864,3390.549805,-917.049988,4307.599609,1439,-124,2216,-228,16567.55078,2183.199951,951.299988,27,5178.674805,3113.449951,4207,3628
"Microtus montanus",-113.10556,41.74611,-113.10556,41.74611,1287,892,1603,37,92552,3286.75,-1043.574951,4330.325195,1347,-179,2097,-315,20891.02539,2546.5,1111.849976,27,6736.674805,4105.649902,4572,4123
"Microtus montanus",-111.83361,41.73556,-111.83361,41.73556,1379,856,1375,33,92266,3129.649902,-972.349976,4102,799,2048,2048,-357,41990.375,4823,1823.375,28,14185.15039,6341.549805,6342,11296
"Microtus montanus",-105.77,39.79,-105.77,39.79,3567,-307,1294,39,69873,1423.125,-1812.875,3236,-862,-199,620,-1148,84667.60156,11355.94922,4757.774902,26,28050.47461,15873.27539,17428,23664
"Microtus montanus",-110.88758,40.70461,-110.88758,40.70461,3067,14,1463,41,73176,1976.625,-1531.474976,3508.100098,-765,1004,1004,-849,90241.27344,10987.375,3812.850098,33,32626.375,13659.1748,13659,30746
"Microtus montanus",-115.19,37.46,-115.19,37.46,1156,1363,1973,47,78600,3682.625,-513.099976,4195.725098,547,2152,2409,376,17769.45117,2141.725098,535.600037,31,6115.25,3047.5,3848,5491
"Microtus montanus",-115.23306,37.57517,-115.23306,37.57517,1184,1322,1880,45,78834,3585.399902,-508.825012,4094.224854,509,2111,2371,334,19061.875,2483.475098,725.174988,28,5781.399902,3439.024902,4494,5593
"Microtus montanus",-115.22333,37.59694,-115.22333,37.59694,1180,1326,1902,46,78966,3595.625,-510.100006,4105.725098,502,1679,2374,331,19382.97461,2383.800049,655.650024,30,6390.575195,3591.524902,4599,5851
"Microtus montanus",-115.233067,37.53167,-115.233067,37.53167,1162,1340,1880,45,78734,3614.699951,-489.100006,4103.799805,534,2131,2390,357,18338.65039,2376.975098,655.950012,30,5686.200195,2898.774902,3926,5508
"Microtus montanus",-115.19222,37.46056,-115.19222,37.46056,1101,1363,1973,47,78600,3682.625,-513.099976,4195.725098,547,2152,2409,376,17769.45117,2141.725098,535.600037,31,6115.25,3047.5,3848,5491
"Microtus montanus",-122.492451,41.347922,-122.492451,41.347922,2167,553,1075,37,62881,2226.425049,-624.674988,2851.100098,-118,1385,1422,-171,95273.875,18326.44922,325.049988,79,49773.125,2797.050049,4410,49411
"Microtus montanus",-112.8731,42.7247,-112.8731,42.7247,1391,796,1608,38,87144,3188.125,-1004.974976,4193.100098,735,1870,1935,-335,30871.30078,3433.449951,1412.75,26,10012.3252,4791.875,5331,8200
"Microtus montanus",-114.8583,43.9153,-114.8583,43.9153,2147,190,1845,43,80820,2562.899902,-1721.949951,4284.849609,-855,1185,1223,-855,60298.97266,8345.049805,1628.675049,45,23988.125,6288.5,7527,23988
"Microtus montanus",-113.7097,41.9163,-113.7097,41.9163,1868,680,1450,36,86230,2935.149902,-1090.375,4025.524902,1015,1353,1829,-400,29564.82422,3414.149902,1503.149902,21,8651.275391,5770.950195,6812,8400
"Microtus montanus",-109.844742,34.037867,-109.844742,34.037867,1992,939,1741,47,70522,2823.149902,-824.174988,3647.324951,1807,1256,1855,40,59744.55078,9307.700195,1757.550049,44,23080.45117,7263.525391,19703,15882
"Microtus montanus",-107.75195,37.214989,-107.75195,37.214989,2072,776,1793,42,82085,2922.574951,-1275.474976,4198.049805,1770,1168,1828,-301,46209.77344,5828.75,1898.199951,29,16174.2998,7941.149902,13062,11076
"Microtus montanus",-106.56329,38.167154,-106.56329,38.167154,3059,331,1457,38,79837,2260.25,-1482.425049,3742.675049,1301,-535,1364,-694,41466.75,5997.575195,2212.199951,32,15172.17578,7777.5,13677,8476
"Microtus montanus",-106.554104,38.167276,-106.554104,38.167276,3002,302,1573,40,81603,2315.949951,-1601.224976,3917.174805,1289,-588,1352,-754,39364.77344,5898.224609,2176.550049,35,14964.7998,7182.674805,13482,7698
"Microtus montanus",-107.810009,37.628596,-107.810009,37.628596,2725,484,1782,47,68430,2432.25,-1281.974976,3714.225098,-267,757,1383,-377,71997.54688,8349.025391,2949.125,24,21720.42578,12716.375,17049,19208
"Microtus montanus",-113.04667,37.40139,-113.04667,37.40139,2434,555,1439,41,70161,2439.225098,-1004,3443.225098,-192,820,1507,-298,55102.22656,6782.075195,1431.875,30,19024.67578,9902.550781,11449,17080
"Microtus montanus",-122.341543,41.482324,-122.341543,41.482324,1140,972,1543,45,63639,2988.5,-404.549988,3393.050049,187,1800,1822,187,67464.64844,11487.40039,413.149994,68,31538.125,2892.974854,3207,31538
"Microtus montanus",-112.02833,40.84639,-112.02833,40.84639,1286,1073,1288,32,89187,3250.399902,-664.099976,3914.5,997,2257,2257,-66,36113,4324.174805,1676.849976,29,12532.32422,5419.224609,5419,9285
"Microtus montanus",-112.83015,37.61052,-112.83015,37.61052,3131,113,1118,36,68287,1762.650024,-1262.949951,3025.600098,-612,348,1048,-705,76179.32813,9930.875,1681.150024,35,27361.59961,12859.4502,16352,24298
"Microtus montanus",-113.5568,42.6681,-113.5568,42.6681,1271,853,1569,38,86534,3180.200195,-941.975037,4122.175293,791,1918,1985,-272,24362.32422,2648.300049,887.900024,30,7482.125,3087.875,3725,7239
"Microtus montanus",-113.5606,42.2483,-113.5606,42.2483,1571,761,1537,38,82228,3011.324951,-967.200012,3978.524902,1110,1794,1847,-296,29580.97461,3576.399902,1648.224976,20,9308.650391,6035.424805,6927,7239
"Microtus montanus",-118.4425,45.4942,-118.4425,45.4942,1179,605,1333,39,68698,2575.774902,-839.449951,3415.224854,-133,1492,1496,-270,78977.89844,10557.7002,1327.724976,44,29872.30078,7332.574707,8488,26728
"Microtus montanus",-118.75833,38.52083,-118.75833,38.52083,2126,652,1552,43,70056,2665.600098,-911.675049,3577.275146,-119,1241,1593,-196,24368.09961,3670.449951,980.125,40,9057.625,3502.25,4040,8490
"Microtus montanus",-119.921001,39.259582,-119.921001,39.259582,2216,631,1290,40,65745,2500.75,-678.924988,3179.675049,-146,1523,1523,-146,72738.04688,14564.4502,561.650024,84,40538.55078,2609.5,2610,40539
"Microtus montanus",-118.820002,37.617808,-118.820002,37.617808,2145,722,1762,46,67635,2797.524902,-954.5,3752.024902,-117,1581,1636,-117,41881.30078,8415.674805,1023.099976,75,22744.875,3650.149902,3958,22745
"Microtus montanus",-115.24,41.49,-115.24,41.49,1765,610,1860,42,82413,3041.699951,-1312.5,4354.200195,-272,1630,1691,-457,24286.92578,2938.175049,972.974976,29,7516.625,3469.574707,4358,7334
"Microtus montanus",-114.05,41.96,-114.05,41.96,1536,789,1686,40,83117,3159.324951,-1019.025024,4178.350098,1156,1827,1887,-273,26729.55078,3402.125,1513.275024,23,8849.224609,4912.549805,6030,6482
"Microtus montanus",-114.07,41.95,-114.07,41.95,1555,782,1693,40,83294,3156.350098,-1039.150024,4195.5,1148,1823,1881,-283,26823.09961,3408.550049,1510.099976,23,8863.674805,4832.200195,5968,6549
"Microtus montanus",-122.451487,41.445364,-122.451487,41.445364,934,1085,1502,43,66409,3125.524902,-289.5,3415.024902,267,1948,1969,267,73323.125,12274.2002,419.050018,69,34778.64844,3116.100098,3312,34779
"Microtus montanus",-122.400659,41.597938,-122.400659,41.597938,798,1106,1643,45,69389,3224.149902,-393.25,3617.399902,247,1996,2027,247,50249.89844,8174.5,685.025024,60,22797.02539,3605.75,4196,22797
"Microtus montanus",-114.8978,42.7832,-114.8978,42.7832,902,1055,1793,42,85351,3475,-758.724976,4233.725098,-59,2074,2165,-59,24915.19922,3291,643.825012,42,9182.575195,2323.375,3100,9183
"Microtus montanus",-110.30944,40.95778,-110.30944,40.95778,2739,137,1709,43,77451,2288.949951,-1657.849976,3946.799805,-10,-327,1180,-814,51416.64844,6107,2931.524902,21,16898.42578,10974.40039,11409,11736
"Microtus montanus",-121.598586,41.582996,-121.598586,41.582996,2041,530,1228,38,65387,2448.600098,-708.525024,3157.125,-242,1400,1421,-242,113726.7266,22245.875,458.125,79,59598.35156,3189.425049,3633,59598
"Microtus montanus",-120.834194,41.453748,-120.834194,41.453748,1327,872,1790,45,72705,3155.324951,-786.5,3941.824951,-41,1799,1835,-41,35534.32422,4765.274902,511.5,49,14033,2832.324951,3092,14033
"Microtus montanus",-117.16,39.59,-117.16,39.59,1738,792,1872,43,79302,3190.100098,-1084.775024,4274.875,692,1795,1859,-206,21596.09961,2450.449951,1146.25,25,7129.649414,3673.725098,4121,6152
"Microtus montanus",-116.12278,40.49611,-116.12278,40.49611,1582,815,1912,43,80754,3280.375,-1082.525024,4362.899902,745,1821,1890,-216,22900.19922,2817.625,683.349976,33,7384.299805,2848.375,3296,7054
"Microtus montanus",-118.64,42.73,-118.64,42.73,2286,345,1278,38,68230,2301.449951,-1017.149963,3318.599854,-338,1271,1280,-438,77438.92188,10154.3252,1012.299988,51,29526,4891.5,7535,28792
"Microtus montanus",-111.1528,43.5721,-111.1528,43.5721,1952,403,1589,38,87465,2714.074951,-1446,4160.075195,-550,1471,1526,-733,51260.30078,5568.600098,3024.774902,18,14786.4502,9706.650391,10582,14492
"Microtus montanus",-113.7033,44.1569,-113.7033,44.1569,2382,65,1622,39,82422,2314.375,-1783.5,4097.875,-841,1096,1138,-983,48399.44922,5131.975098,2690.850098,19,14435.4502,8814.474609,10241,13874
"Microtus montanus",-119.3364,39.61725,-119.3364,39.61725,1342,1109,1755,43,79336,3393.899902,-666.924988,4060.824951,108,2109,2169,108,16584.27539,2932.850098,584.375,49,7374.25,2241.425049,2280,7374
"Microtus montanus",-118.0442,37.2739,-118.0442,37.2739,1502,1153,1865,45,77212,3388.175049,-701.075012,4089.25,356,1166,2188,191,13136.25,1798.325073,613.75,34,4602.524902,2124.050049,3510,4214
"Microtus montanus",-111.5725,42.3292,-111.5725,42.3292,2583,276,1136,32,79180,2177.850098,-1270.974976,3448.825195,-560,1317,1343,-683,99111.20313,14185.2002,3209.600098,45,39226.375,11343.6748,11701,38942
"Microtus montanus",-118.3311,44.5781,-118.3311,44.5781,1496,573,1427,37,78371,2765.850098,-1052.025024,3817.875,-310,1566,1588,-437,55316.55078,8542.525391,1255.125,53,24020.15039,4834.450195,6171,23540
"Microtus montanus",-111.8473,40.751,-111.8473,40.751,1422,1100,1265,33,87349,3221.199951,-590.575012,3811.774902,1004,2251,2251,-14,45007.30078,5436.650391,1794.150024,33,15758.72461,6070.674805,6071,12808
"Microtus montanus",-111.88,40.88944,-111.88,40.88944,1343,1050,1317,33,87611,3223.375,-666.275024,3889.649902,969,2209,2209,-69,47735.30078,5656.850098,1806.099976,33,16540.60156,6400.574707,6401,13798
"Microtus montanus",-111.90111,40.89389,-111.90111,40.89389,1298,1064,1318,33,87775,3242.225098,-653.349976,3895.575195,985,2226,2226,-57,45695.94922,5419.149902,1713.5,33,15867.77539,6193.625,6194,13139
"Microtus montanus",-119.0149,43.6533,-119.0149,43.6533,1334,678,1674,41,77347,2980.25,-1062.675049,4042.925049,-326,1641,1689,-326,25160.17578,3122.625,614,40,9295.924805,2599.699951,3364,9296
"Microtus montanus",-111.41962,38.30059,-111.41962,38.30059,2093,778,1579,39,83722,2848.350098,-1176.224976,4024.575195,1789,-185,1864,-306,24105.75,3600.925049,1075.099976,38,9511.575195,4339.475098,8142,4777
"Microtus montanus",-121.387019,41.845155,-121.387019,41.845155,1257,786,1720,46,68224,2939.875,-772.875,3712.75,-83,1635,1683,-83,24643.65039,2898.949951,707.125,37,8615.924805,2756.5,3322,8616
"Microtus montanus",-117.1786,46.7314,-117.1786,46.7314,733,876,1132,33,73369,2836.675049,-510.550018,3347.225098,45,1789,1825,-74,49448.07422,6438.375,1227.574951,43,19296.65039,5367.049805,5989,17948
"Microtus montanus",-122.9107,44.2042,-122.9107,44.2042,448,1112,998,39,50590,2583.149902,57.799999,2525.349854,554,1770,1782,491,131132.9688,19995.77539,1425.075073,58,57689.32422,8424,9281,53458
"Microtus montanus",-112.08407,38.76531,-112.08407,38.76531,1625,941,1872,44,82046,3228,-984.425049,4212.424805,895,-16,2016,-120,21863.625,2284.949951,1138.925049,18,6360.225098,4615.475098,5330,4941
"Microtus montanus",-111.873,40.79905,-111.873,40.79905,1568,983,1283,34,84434,3039.399902,-700.424988,3739.824951,448,2102,2102,-92,54957.64844,6882.174805,1975.150024,35,19089.125,6769.325195,6769,16656
"Microtus montanus",-118.3872,46.0494,-118.3872,46.0494,242,1182,1356,37,77009,3312.75,-338.099976,3650.850098,275,2120,2190,186,40124.10156,5067.225098,1061.224976,39,14563.82422,4382.424805,4858,13710
"Microtus montanus",-118.008404,46.067908,-118.008404,46.067908,1268,696,1095,34,68936,2530.949951,-667.924988,3198.875,-62,1592,1603,-173,115063.6016,16274.4248,1694.675049,50,46013.625,9153.025391,10116,41827
"Microtus montanus",-120.5289,46.6542,-120.5289,46.6542,338,999,1568,40,80447,3154.375,-728.724976,3883.100098,21,1946,2018,-73,18661.47461,3011.324951,458.600006,48,7759.799805,2274.100098,2845,7462
"Microtus montanus",-106.32431,41.31009,-106.32431,41.31009,3077,-67,1230,34,82481,2011.375,-1578.449951,3589.824951,-275,988,1042,-1053,87967.125,10601.5,3916.125,30,29469.64844,14146.4502,14181,26618
"Microtus montanus",-108.4582,41.2869,-108.4582,41.2869,2152,482,1592,37,89764,2811.024902,-1392.525024,4203.549805,1170,-513,1657,-679,21772.40039,2773.274902,1184.824951,29,6862.275391,3692.824951,5669,3797
"Microtus montanus",-110.38361,41.31667,-110.38361,41.31667,2043,512,1594,39,85233,2724.449951,-1286.849976,4011.299805,417,-593,1614,-593,22200.02539,2347.125,1178.5,21,6671.274902,3895.949951,5755,3896
"Microtus montanus",-119.69908,38.90292,-119.69908,38.90292,1507,966,1930,48,70302,3191.725098,-766.825012,3958.550049,81,1852,1905,81,30167.27539,6467.475098,442.549988,78,16321.77539,1877.449951,2142,16322
"Microtus montanus",-119.16194,39.01482,-119.16194,39.01482,1336,1017,2007,47,76569,3322.875,-907.224976,4230.100098,42,1958,2031,42,12044.65039,1883.550049,469.5,36,4424.375,1853.149902,2140,4424
"Microtus oregoni",-124.084529,40.785317,-124.084529,40.785317,2,1157,772,55,21695,1815.199951,430.850006,1384.349976,870,1413,1428,870,108522.625,19877.22461,371.524994,77,54513.22266,2963.925049,3361,54513
"Microtus oregoni",-123.996567,40.76501,-123.996567,40.76501,621,1209,1091,53,35577,2380.850098,334.174988,2046.675049,787,1601,1699,787,180535.6719,30326,407.100006,75,88285.89844,4079.774902,6961,88286
"Microtus oregoni",-124.0327,40.5216,-124.0327,40.5216,47,1215,915,53,27813,2117.024902,421.174988,1695.849854,854,1549,1574,854,117931.9297,21884,270.924988,81,61922.70313,2456,2886,61923
"Microtus oregoni",-124.1433,41.0591,-124.1433,41.0591,47,1124,816,60,20392,1746.25,403.25,1343,906,1366,1379,854,134120.0781,24768.19922,395.950012,75,65986.14844,3901.149902,3982,65839
"Microtus oregoni",-122.852882,40.036534,-122.852882,40.036534,2336,578,933,34,60297,2091.850098,-596.625,2688.475098,-124,1381,1386,-124,167197,35688.69922,248.974991,88,95826.77344,2472.475098,2556,95827
"Microtus oregoni",-123.799569,39.306566,-123.799569,39.306566,22,1126,989,66,18920,1861,374.75,1486.25,875,1350,1362,875,100348.75,20179.375,191.300003,84,54644.54688,1984.400024,2198,54645
"Microtus oregoni",-123.799858,39.443515,-123.799858,39.443515,35,1129,968,67,18253,1843.550049,402,1441.550049,884,1341,1349,884,96214.10156,19361,187.625,84,52539.19922,1869.025024,2106,52539
"Microtus oregoni",-123.7033,45.2775,-123.7033,45.2775,114,1011,1026,46,41136,2278.074951,74.625,2203.449951,557,1524,1551,486,236064.2813,39606.30078,2787.550049,65,112568.125,13172.4502,16154,105328
"Microtus oregoni",-123.83,46.1881,-123.83,46.1881,25,1093,804,42,38760,2133.675049,234.800003,1898.875,684,1566,1602,603,188290.0313,31681.07617,2586.149902,63,88809.17188,12234.1748,13492,82977
"Microtus oregoni",-123.86,47.97,-123.86,47.97,584,849,917,40,46356,2208.574951,-35.849998,2244.425049,376,1443,1489,303,298507.4375,50418.125,3051.449951,68,144470.2031,15331.5,19740,130759
"Microtus oregoni",-123.50169,40.47157,-123.50169,40.47157,1061,1036,1347,44,59688,2832.475098,-184.699997,3017.175049,360,1799,1873,360,172138.8594,33418.94922,472.200012,84,93971.70313,3527.975098,4480,93972
"Microtus oregoni",-122.2042,47.7625,-122.2042,47.7625,30,999,1080,44,47106,2401.175049,-13.925,2415.100098,478,1609,1609,402,95929.97656,14690.59961,1957.949951,53,42178.375,8909.549805,8910,38482
"Microtus oregoni",-122.0762,47.7445,-122.0762,47.7445,84,1022,1005,42,48318,2415.199951,24.200001,2391,485,1648,1648,408,110792,16711.65039,2347.550049,50,47433.97656,10848.72461,10849,42960
"Microtus oregoni",-123.3289,47.5147,-123.3289,47.5147,303,940,1081,41,52154,2492.725098,-105.149994,2597.875,363,1604,1616,290,251174.0781,42683.42578,2625.949951,66,120217.0781,13820.125,18114,112801
"Microtus oregoni",-121.5208,45.4189,-121.5208,45.4189,1333,546,826,31,61534,2071.050049,-549.200012,2620.25,-92,1341,1388,-195,141701.6563,26236.125,1220.425049,69,70116.32813,7860.725098,8772,65060
"Microtus oregoni",-120.667186,45.974762,-120.667186,45.974762,1055,727,1154,35,72010,2608.725098,-670.400024,3279.125,-87,1655,1655,-195,55956.85156,11527.8252,633.224976,81,30734.42578,3154.050049,3154,29199
"Microtus oregoni",-123.8761,46.1339,-123.8761,46.1339,17,1078,790,42,37850,2087.600098,234.675003,1852.925049,681,1540,1579,603,194238.9219,32951.55078,2603.074951,64,91998.75,12575.625,14131,86189
"Microtus oregoni",-123.8761,46.1484,-123.8761,46.1484,6,1074,776,42,37536,2069.675049,235.699997,1833.975098,681,1530,1572,603,184792.3438,31414.59961,2396.675049,64,87756.72656,11794.22461,13035,82399
"Microtus oregoni",-124.110402,40.479918,-124.110402,40.479918,92,1234,886,54,26043,2085.524902,450.25,1635.274902,891,1541,1567,891,119166.4219,22801.84961,183.774994,84,64075.14844,2166.774902,2530,64075
"Microtus pennsylvanicus",-104.820833,38.83388,-104.820833,38.83388,1839,955,1625,42,77743,2947.324951,-861.5,3808.824951,1990,-13,1990,-13,40244.69922,6821.350098,605.724976,62,18084.69922,3186.350098,18085,3186
"Microtus pennsylvanicus",-117.6317,48.0617,-117.6317,48.0617,738,756,1346,36,79362,2908.399902,-792.849976,3701.25,-159,1712,1771,-286,52724.47656,7168.725098,1947.625,36,19934.625,7183.725098,8053,18332
"Microtus pennsylvanicus",-110.76167,43.48,-110.76167,43.48,1902,328,1746,40,88656,2739.175049,-1591.349976,4330.524902,785,1377,1446,-849,39258.82422,4374.049805,2669.100098,14,11112.4502,8675.775391,9249,10247
"Microtus pennsylvanicus",-111.83361,41.73556,-111.83361,41.73556,1379,856,1375,33,92266,3129.649902,-972.349976,4102,799,2048,2048,-357,41990.375,4823,1823.375,28,14185.15039,6341.549805,6342,11296
"Microtus pennsylvanicus",-105.681945,37.714709,-105.681945,37.714709,2303,564,1926,44,85730,2714.925049,-1653.650024,4368.575195,1571,-454,1638,-588,21224.34961,4349.975098,608.700012,63,10222.125,2021.449951,9267,2088
"Microtus pennsylvanicus",-106.554104,38.167276,-106.554104,38.167276,3002,302,1573,40,81603,2315.949951,-1601.224976,3917.174805,1289,-588,1352,-754,39364.77344,5898.224609,2176.550049,35,14964.7998,7182.674805,13482,7698
"Microtus pennsylvanicus",-114.0922,46.5101,-114.0922,46.5101,1006,701,1515,39,79810,2932.899902,-949.849976,3882.75,1135,243,1731,-343,30607.34961,4143.149902,1932.25,27,9820.875,6044.5,8107,6914
"Microtus pennsylvanicus",-105.661443,37.73123,-105.661443,37.73123,2311,571,1910,43,85276,2725.949951,-1621.574951,4347.524902,1573,-439,1644,-571,21829.67578,4385.725098,625.274963,61,10388.77539,2073.774902,9487,2129
"Microtus pennsylvanicus",-112.6337,45.214,-112.6337,45.214,1557,672,1538,39,78468,2827.550049,-1055.050049,3882.600098,1079,-343,1694,-343,33302.77344,5590.475098,1236.224976,49,14224.47559,4486.700195,10984,4487
"Microtus pennsylvanicus",-112.3442,43.1906,-112.3442,43.1906,1372,716,1548,36,90413,3060.774902,-1156.474976,4217.25,702,1793,1867,-491,26646.07422,3135,1369.550049,21,8052.524902,4759.049805,5040,7281
"Microtus pennsylvanicus",-111.1528,43.5721,-111.1528,43.5721,1952,403,1589,38,87465,2714.074951,-1446,4160.075195,-550,1471,1526,-733,51260.30078,5568.600098,3024.774902,18,14786.4502,9706.650391,10582,14492
"Microtus pennsylvanicus",-117.0419,48.1833,-117.0419,48.1833,652,712,1500,39,77804,2980.800049,-853.674988,3834.475098,-179,1630,1708,-313,60049.875,9011.349609,2139.449951,43,24698.64844,7652.625,8365,21889
"Microtus pennsylvanicus",-117.0419,48.154354,-117.0419,48.154354,724,720,1393,37,77893,2902.100098,-814.099976,3716.200195,-171,1655,1721,-299,61457.25,9132.924805,2138.574951,43,25251.34961,7744.75,8438,22468
"Microtus pennsylvanicus",-111.106,44.1296,-111.106,44.1296,1890,352,1597,39,84267,2643.274902,-1430.574951,4073.849854,-581,1391,1456,-725,72090.89844,9031.25,2890.774902,31,23950.77344,10560.22461,11550,23929
"Microtus richardsoni",-122.1056,42.9439,-122.1056,42.9439,1881,409,1338,44,55980,2209.5,-818.875,3028.375,-139,1180,1180,-255,119632.1016,19664.34961,879.474976,66,54515.67188,6335.75,6336,54263
"Microtus richardsoni",-121.7353,46.7889,-121.7353,46.7889,1681,300,868,35,54237,1709.800049,-737.775024,2447.575195,-228,999,1050,-335,284566.0625,51214.30078,3592.274902,64,134709,19223.42578,22031,123469
"Microtus richardsoni",-111.30488,39.69582,-111.30488,39.69582,2630,338,1488,40,73979,2366.300049,-1286.949951,3653.25,-460,1341,1341,-576,62021.02344,7396.125,2514.350098,28,21842.90039,10367.59961,10368,20266
"Microtus richardsoni",-111.2652,39.72658,-111.2652,39.72658,2839,223,1484,41,70678,2186.649902,-1375.400024,3562.049805,-537,1193,1193,-638,62194.57422,7707.600098,2372.350098,30,22341.22461,10489.27539,10489,20880
"Microtus richardsoni",-110.9174,40.6907,-110.9174,40.6907,3154,-66,1519,42,72330,1896.949951,-1640.349976,3537.299805,-835,914,914,-927,98264.70313,13021.5752,3983.975098,37,36969.92578,14496.77539,14497,36306
"Microtus richardsoni",-116.57,45.13,-116.57,45.13,2112,248,1357,38,71211,2248.774902,-1287.900024,3536.674805,-524,1187,1187,-637,109530.0781,16395.07422,1740.974976,54,45668.19922,7641.399902,7641,44771
"Microtus richardsoni",-116.54,45.18,-116.54,45.18,2014,207,1353,39,69619,2195.074951,-1258.25,3453.324951,-652,1128,1128,-652,107688.9219,16557.25,1829.175049,52,44477,8018.149902,8018,44477
"Microtus richardsoni",-116.5484,45.1878,-116.5484,45.1878,2163,224,1333,38,69321,2197.675049,-1220.300049,3417.975098,-637,1142,1142,-637,109925.25,16818.5,1874.424927,53,45282.89844,8154.274902,8154,45283
"Microtus richardsoni",-116.8233,44.7674,-116.8233,44.7674,1903,337,1283,36,72313,2346.524902,-1139.974976,3486.5,-439,1284,1288,-556,73340.875,10599.75,1351.574951,50,30163.69922,6043.274902,7601,29564
"Microtus richardsoni",-115.7236,47.5169,-115.7236,47.5169,1801,249,827,27,71491,1990.375,-1036.349976,3026.725098,-504,1201,1201,-616,132568.625,18135.65039,3116.449951,46,53245.125,13518.2998,13518,49866
"Microtus richardsoni",-112.3667,42.6892,-112.3667,42.6892,2048,586,1176,32,84023,2685.375,-987.400024,3672.774902,-325,1657,1695,-466,76784.97656,10211.40039,2652.025146,43,29679.92578,8968.950195,9211,28607
"Microtus richardsoni",-122.1333,42.9045,-122.1333,42.9045,2196,254,1236,42,56472,1985.100098,-925.950012,2911.050049,-289,998,1035,-408,153315.2031,24581.09961,1519.150024,64,70337.52344,8577.125,9447,67904
"Microtus richardsoni",-122.1983,42.8292,-122.1983,42.8292,1971,425,1104,38,59768,2133.25,-721.424988,2854.675049,-287,1252,1252,-287,165168.2031,27067.65039,768.875,69,77745.32813,6593.100098,6593,77745
"Microtus richardsoni",-122.1944,42.813,-122.1944,42.813,1849,480,1106,38,61264,2212.75,-676.224976,2888.975098,-158,1324,1324,-249,157041.4219,25218.25,693.400024,70,73626.47656,5745.700195,5746,72542
"Microtus richardsoni",-111.1528,43.5721,-111.1528,43.5721,1952,403,1589,38,87465,2714.074951,-1446,4160.075195,-550,1471,1526,-733,51260.30078,5568.600098,3024.774902,18,14786.4502,9706.650391,10582,14492
"Microtus richardsoni",-114.8583,43.9153,-114.8583,43.9153,2147,190,1845,43,80820,2562.899902,-1721.949951,4284.849609,-855,1185,1223,-855,60298.97266,8345.049805,1628.675049,45,23988.125,6288.5,7527,23988
"Microtus richardsoni",-121.6783,48.9731,-121.6783,48.9731,1185,499,948,36,55665,1991.350098,-602.449951,2593.800049,-71,1240,1240,-176,237057.5938,36671.19922,5247.350098,53,101077.0781,21950.57422,21951,94264
"Microtus richardsoni",-111.5725,42.3292,-111.5725,42.3292,2583,276,1136,32,79180,2177.850098,-1270.974976,3448.825195,-560,1317,1343,-683,99111.20313,14185.2002,3209.600098,45,39226.375,11343.6748,11701,38942
"Microtus richardsoni",-121.149751,47.76987,-121.149751,47.76987,1317,422,870,31,62401,2029.724976,-709.974976,2739.699951,-254,1237,1256,-352,195822.4063,32022.07422,2562.175049,63,92106.45313,12711.7998,16026,83187
"Microtus richardsoni",-121.7672,46.1236,-121.7672,46.1236,1298,499,849,33,57718,1990.525024,-546.849976,2537.375,-108,1246,1278,-204,236118.8438,38009.27344,2325.175049,63,110169.4219,15201.0498,16811,100798
"Microtus richardsoni",-117.8275,46.0561,-117.8275,46.0561,1667,461,1015,33,66690,2237.050049,-808.174988,3045.225098,-256,1353,1353,-365,131429.9688,19985.52539,2016.824951,59,58978.85156,9421.5,9422,53566
"Microtus richardsoni",-111.106,44.1296,-111.106,44.1296,1890,352,1597,39,84267,2643.274902,-1430.574951,4073.849854,-581,1391,1456,-725,72090.89844,9031.25,2890.774902,31,23950.77344,10560.22461,11550,23929
"Microtus richardsoni",-109.84658,43.2888,-109.84658,43.2888,2545,22,1672,40,83941,2241.949951,-1867.974976,4109.924805,-92,1042,1105,-1051,48558.39844,4888.674805,3079.449951,15,14089.34961,9990.900391,10677,12978
"Microtus richardsoni",-113.6501,48.7993,-113.6501,48.7993,1510,338,1228,34,74526,2334.399902,-1220.824951,3555.224854,-446,1239,1316,-612,108169.9453,13888.6748,3888.350098,33,39536.22656,17423.25,20543,33776
"Microtus townsendii",-122.5386,47.0044,-122.5386,47.0044,104,1000,1014,42,47453,2408.75,18.6,2390.149902,482,1626,1626,406,104009.1016,16950.625,1815.574951,60,48616.75,8052.524902,8053,44156
"Microtus townsendii",-122.4878,42.7511,-122.4878,42.7511,791,970,1596,48,58322,2973.399902,-306.224976,3279.625,332,1746,1746,261,102450.75,15827.625,1122.099976,62,46797.875,5931.600098,5932,43825
"Microtus townsendii",-123.7033,45.2775,-123.7033,45.2775,114,1011,1026,46,41136,2278.074951,74.625,2203.449951,557,1524,1551,486,236064.2813,39606.30078,2787.550049,65,112568.125,13172.4502,16154,105328
"Microtus townsendii",-124.2583,48.2547,-124.2583,48.2547,14,853,828,48,33450,1776.050049,65.525002,1710.525024,497,1271,1271,420,199164.4844,33934.27734,3048.375,69,98683.40625,11298.8252,11299,90963
"Microtus townsendii",-124.1092,43.7303,-124.1092,43.7303,8,1109,938,52,31950,2077.824951,274.200012,1803.625,765,1495,1519,701,172527.25,27650.65039,1333.199951,67,80393.375,8309.949219,9239,77845
"Microtus townsendii",-123.8428,45.4564,-123.8428,45.4564,5,1038,912,49,33872,2041.949951,186.649994,1855.299927,683,1451,1474,608,217732.0781,35106.80078,2759.925049,62,101048.4531,13049.3252,15862,94255
"Microtus townsendii",-124.2261,43.2606,-124.2261,43.2606,28,1157,1089,54,32490,2292.324951,286.575012,2005.75,813,1553,1584,755,148922,25956.09961,947.375,69,70145.52344,6069.899902,7248,69787
"Microtus townsendii",-122.2042,47.7625,-122.2042,47.7625,30,999,1080,44,47106,2401.175049,-13.925,2415.100098,478,1609,1609,402,95929.97656,14690.59961,1957.949951,53,42178.375,8909.549805,8910,38482
"Microtus townsendii",-123.0158,48.5344,-123.0158,48.5344,8,987,835,42,40915,2115,128.449997,1986.550049,540,1504,1504,463,71043.64844,12005.9248,1597.75,59,33435.42578,6235.049805,6235,29941
"Microtus townsendii",-122.7206,48.5631,-122.7206,48.5631,0,974,904,39,46807,2320.824951,22.725,2298.099854,454,1577,1577,390,76906.20313,11962.75,1961.900024,51,33864.82422,7870.125,7870,30192
"Microtus townsendii",-123.0128,48.5864,-123.0128,48.5864,0,983,815,42,39384,2044.949951,138.975006,1905.974976,548,1469,1469,471,73251.35156,12339.15039,1598.675049,59,34279.625,6399.024902,6399,30775
"Microtus townsendii",-123.3789,46.1694,-123.3789,46.1694,1,1027,969,43,44046,2292.524902,75.800003,2216.724854,535,1582,1596,466,138407.5938,24002.69922,1893.724976,63,65370.625,9271.075195,10981,61930
"Microtus townsendii",-123.8761,46.1339,-123.8761,46.1339,17,1078,790,42,37850,2087.600098,234.675003,1852.925049,681,1540,1579,603,194238.9219,32951.55078,2603.074951,64,91998.75,12575.625,14131,86189
"Microtus townsendii",-123.8761,46.1484,-123.8761,46.1484,6,1074,776,42,37536,2069.675049,235.699997,1833.975098,681,1530,1572,603,184792.3438,31414.59961,2396.675049,64,87756.72656,11794.22461,13035,82399
